"dat_vero_low","dat_vero_fit","dat_vero_high","coverage","gene"
0,0,0,"0","ORF8"
-0.00211672433579897,-0.000966896673123048,0.00018293098955287,"0.1","ORF8"
-0.00421204558142335,-0.00192233962426542,0.00036736633289252,"0.2","ORF8"
-0.00628605168581704,-0.00286637386854321,0.000553303948730619,"0.3","ORF8"
-0.00833883063213121,-0.00379904442107254,0.000740741789986126,"0.4","ORF8"
-0.0103704704380172,-0.00472039629696952,0.00092967784407811,"0.5","ORF8"
-0.0123810591559202,-0.00563047451135025,0.00112011013321975,"0.6","ORF8"
-0.0143706848733751,-0.00652932407933085,0.00131203671471338,"0.7","ORF8"
-0.0163394357133015,-0.00741699001602742,0.00150545568124665,"0.8","ORF8"
-0.0182873998343018,-0.00829351733655607,0.00170036516118962,"0.9","ORF8"
-0.0202146654309587,-0.00915895105603293,0.00189676331889281,"1","ORF8"
-0.0221213207341343,-0.0100133361895741,0.00209464835498619,"1.1","ORF8"
-0.0240074540112701,-0.0108567177522956,0.00229401850667887,"1.2","ORF8"
-0.0258731535666871,-0.0116891407593137,0.00249487204805972,"1.3","ORF8"
-0.0277185077418873,-0.0125106502257444,0.00269720729039848,"1.4","ORF8"
-0.0295436049158555,-0.0133212911667039,0.00290102258244773,"1.5","ORF8"
-0.0313485335053615,-0.0141211085973082,0.00310631631074514,"1.6","ORF8"
-0.0331333819652634,-0.0149101475326734,0.00331308689991654,"1.7","ORF8"
-0.0348982387888105,-0.0156884529879158,0.00352133281297898,"1.8","ORF8"
-0.0366431925079471,-0.0164560699781513,0.00373105255164459,"1.9","ORF8"
-0.0383683316936164,-0.0172130435184961,0.00394224465662427,"2","ORF8"
-0.0400737449560643,-0.0179594186240663,0.00415490770793174,"2.1","ORF8"
-0.0417595209451435,-0.0186952403099779,0.00436904032518766,"2.2","ORF8"
-0.0434257483506181,-0.0194205535913473,0.00458464116792358,"2.3","ORF8"
-0.0450725159024666,-0.0201354034832903,0.00480170893588608,"2.4","ORF8"
-0.0466999123711865,-0.0208398350009231,0.00502024236934026,"2.5","ORF8"
-0.0483080265680971,-0.0215338931593619,0.00524024024937322,"2.6","ORF8"
-0.0498969473456426,-0.0222176229737228,0.005461701398197,"2.7","ORF8"
-0.0514667635976947,-0.0228910694591218,0.00568462467945101,"2.8","ORF8"
-0.053017564259854,-0.0235542776306751,0.00590900899850374,"2.9","ORF8"
-0.0545494383097513,-0.0242072925034988,0.00613485330275372,"3","ORF8"
-0.0560624747673475,-0.024850159092709,0.00636215658192957,"3.1","ORF8"
-0.0575567626952325,-0.0254829224134217,0.00659091786838911,"3.2","ORF8"
-0.0590323911989234,-0.0261056274807532,0.00682113623741705,"3.3","ORF8"
-0.0604894494271606,-0.0267183193098194,0.00705281080752176,"3.4","ORF8"
-0.0619280265722035,-0.0273210429157367,0.00728594074073017,"3.5","ORF8"
-0.0633482118701233,-0.0279138433136209,0.00752052524288148,"3.6","ORF8"
-0.0647500946010954,-0.0284967655185883,0.00775656356391881,"3.7","ORF8"
-0.066133764089689,-0.0290698545457549,0.00799405499817909,"3.8","ORF8"
-0.0674993097051549,-0.029633155410237,0.00823299888468098,"3.9","ORF8"
-0.0688468208617112,-0.0301867131271504,0.00847339460741032,"4","ORF8"
-0.0701763870188264,-0.0307305727116115,0.00871524159560344,"4.1","ORF8"
-0.0714880976815001,-0.0312647791787362,0.0089585393240276,"4.2","ORF8"
-0.0727820424005406,-0.0317893775436408,0.00920328731325906,"4.3","ORF8"
-0.0740583107728402,-0.0323044128214412,0.00944948512995775,"4.4","ORF8"
-0.0753169924416466,-0.0328099300272538,0.00969713238713907,"4.5","ORF8"
-0.0765581770968312,-0.0333059741761944,0.00994622874444247,"4.6","ORF8"
-0.0777819544751545,-0.0337925902833792,0.010196773908396,"4.7","ORF8"
-0.0789884143605263,-0.0342698233639244,0.0104487676326774,"4.8","ORF8"
-0.0801776465842636,-0.0347377184329461,0.0107022097183714,"4.9","ORF8"
-0.0813497410253431,-0.0351963205055603,0.0109571000142224,"5","ORF8"
-0.0825047876106491,-0.0356456745968832,0.0112134384168827,"5.1","ORF8"
-0.0836428763152182,-0.0360858257220309,0.0114712248711564,"5.2","ORF8"
-0.0847640971624769,-0.0365168188961195,0.0117304593702379,"5.3","ORF8"
-0.0858685402244761,-0.0369386991342651,0.0119911419559459,"5.4","ORF8"
-0.0869562956221186,-0.0373515114515838,0.0122532727189509,"5.5","ORF8"
-0.0880274535253815,-0.0377553008631918,0.0125168517989979,"5.6","ORF8"
-0.0890821041535325,-0.038150112384205,0.0127818793851225,"5.7","ORF8"
-0.0901203377753404,-0.0385359910297397,0.0130483557158609,"5.8","ORF8"
-0.0911422447092775,-0.0389129818149119,0.0133162810794536,"5.9","ORF8"
-0.0921479153237173,-0.0392811297548379,0.0135856558140415,"6","ORF8"
-0.0931374400371225,-0.0396404798646336,0.0138564803078554,"6.1","ORF8"
-0.0941109093182281,-0.0399910771594152,0.0141287549993978,"6.2","ORF8"
-0.0950684136862141,-0.0403329666542987,0.0144024803776167,"6.3","ORF8"
-0.0960100437108721,-0.0406661933644003,0.0146776569820715,"6.4","ORF8"
-0.0969358900127619,-0.0409908023048362,0.0149542854030895,"6.5","ORF8"
-0.09784604326336,-0.0413068384907224,0.0152323662819153,"6.6","ORF8"
-0.0987405941851986,-0.041614346937175,0.0155119003108486,"6.7","ORF8"
-0.0996196335519945,-0.0419133726593101,0.0157928882333744,"6.8","ORF8"
-0.100483252188769,-0.0422039606722439,0.0160753308442816,"6.9","ORF8"
-0.101331540971958,-0.0424861559910924,0.0163592289897727,"7","ORF8"
-0.102164590829505,-0.0427600036309718,0.0166445835675614,"7.1","ORF8"
-0.102982492740956,-0.0430255486069982,0.0169313955269592,"7.2","ORF8"
-0.103785337737526,-0.0432828359342876,0.0172196658689513,"7.3","ORF8"
-0.104573216902171,-0.0435319106279562,0.0175093956462588,"7.4","ORF8"
-0.10534622136963,-0.0437728177031202,0.01780058596339,"7.5","ORF8"
-0.106104442326469,-0.0440056021748956,0.0180932379766775,"7.6","ORF8"
-0.1068479710111,-0.0442303090583985,0.0183873528943026,"7.7","ORF8"
-0.107576898713795,-0.044446983368745,0.0186829319763049,"7.8","ORF8"
-0.108291316776681,-0.0446556701210512,0.0189799765345784,"7.9","ORF8"
-0.108991316593719,-0.0448564143304333,0.0192784879328521,"8","ORF8"
-0.10967698961067,-0.0450492610120073,0.0195784675866555,"8.1","ORF8"
-0.110348427325046,-0.0452342551808894,0.0198799169632673,"8.2","ORF8"
-0.111005721286041,-0.0454114418521957,0.0201828375816491,"8.3","ORF8"
-0.111648963094445,-0.0455808660410423,0.0204872310123605,"8.4","ORF8"
-0.112278244402548,-0.0457425727625452,0.0207930988774573,"8.5","ORF8"
-0.112893656914013,-0.0458966070318207,0.0211004428503719,"8.6","ORF8"
-0.113495292383743,-0.0460430138639848,0.0214092646557736,"8.7","ORF8"
-0.114083242617718,-0.0461818382741535,0.0217195660694113,"8.8","ORF8"
-0.114657599472821,-0.0463131252774432,0.0220313489179348,"8.9","ORF8"
-0.115218454856636,-0.0464369198889698,0.0223446150786961,"9","ORF8"
-0.115765900727228,-0.0465532671238494,0.0226593664795293,"9.1","ORF8"
-0.116300029092905,-0.0466622119971982,0.022975605098509,"9.2","ORF8"
-0.11682093201195,-0.0467637995241323,0.0232933329636855,"9.3","ORF8"
-0.117328701592332,-0.0468580747197677,0.023612552152797,"9.4","ORF8"
-0.1178234299914,-0.0469450825992206,0.0239332647929586,"9.5","ORF8"
-0.11830520941554,-0.0470248681776071,0.0242554730603257,"9.6","ORF8"
-0.118774132119819,-0.0470974764700434,0.0245791791797326,"9.7","ORF8"
-0.119230290407596,-0.0471629524916454,0.0249043854243051,"9.8","ORF8"
-0.119673776630105,-0.0472213412575294,0.0252310941150461,"9.9","ORF8"
-0.120104683186017,-0.0472726877828113,0.0255593076203938,"10","ORF8"
-0.120523102520967,-0.0473170370826075,0.0258890283557519,"10.1","ORF8"
-0.120929127127058,-0.0473544341720339,0.0262202587829903,"10.2","ORF8"
-0.121322849542329,-0.0473849240662066,0.026553001409916,"10.3","ORF8"
-0.121704362350197,-0.0474085517802419,0.0268872587897137,"10.4","ORF8"
-0.122073758178866,-0.0474253623292557,0.0272230335203549,"10.5","ORF8"
-0.122431129700703,-0.0474354007283642,0.0275603282439745,"10.6","ORF8"
-0.122776569631581,-0.0474387119926835,0.0278991456462143,"10.7","ORF8"
-0.123110170730192,-0.0474353411373297,0.0282394884555326,"10.8","ORF8"
-0.123432025797317,-0.0474253331774189,0.0285813594424794,"10.9","ORF8"
-0.12374222767507,-0.0474087331280674,0.0289247614189352,"11","ORF8"
-0.124040869246096,-0.0473855860043909,0.0292696972373139,"11.1","ORF8"
-0.124328043432739,-0.0473559368215059,0.0296161697897275,"11.2","ORF8"
-0.12460384319617,-0.0473198305945283,0.0299641820071135,"11.3","ORF8"
-0.12486836153547,-0.0472773123385742,0.0303137368583218,"11.4","ORF8"
-0.125121691486682,-0.0472284270687599,0.0306648373491622,"11.5","ORF8"
-0.125363926121814,-0.0471732198002013,0.0310174865214112,"11.6","ORF8"
-0.125595158547804,-0.0471117355480146,0.0313716874517751,"11.7","ORF8"
-0.125815481905444,-0.0470440193273159,0.0317274432508119,"11.8","ORF8"
-0.126024989368251,-0.0469701161532214,0.0320847570618077,"11.9","ORF8"
-0.126223774141304,-0.046890071040847,0.0324436320596099,"12","ORF8"
-0.12641192946003,-0.046803929005309,0.0328040714494122,"12.1","ORF8"
-0.126589548588942,-0.0467117350617234,0.0331660784654949,"12.2","ORF8"
-0.126756724820329,-0.0466135342252063,0.0335296563699158,"12.3","ORF8"
-0.126913551472901,-0.0465093715108741,0.0338948084511528,"12.4","ORF8"
-0.127060121890382,-0.0463992919338425,0.034261538022697,"12.5","ORF8"
-0.127196529440049,-0.0462833405092278,0.0346298484215935,"12.6","ORF8"
-0.127322867511225,-0.0461615622521459,0.0349997430069327,"12.7","ORF8"
-0.127439229513712,-0.0460340021777133,0.0353712251582855,"12.8","ORF8"
-0.12754570887618,-0.0459007053010459,0.0357442982740879,"12.9","ORF8"
-0.127642399044488,-0.0457617166372598,0.0361189657699681,"13","ORF8"
-0.127729393479962,-0.0456170812014711,0.0364952310770194,"13.1","ORF8"
-0.127806785657606,-0.0454668440087959,0.0368730976400145,"13.2","ORF8"
-0.127874669064264,-0.0453110500743504,0.0372525689155636,"13.3","ORF8"
-0.127933137196714,-0.0451497444132507,0.0376336483702123,"13.4","ORF8"
-0.127982283559705,-0.0449829720406128,0.0380163394784798,"13.5","ORF8"
-0.128022201663942,-0.0448107779715528,0.0384006457208365,"13.6","ORF8"
-0.128052985023993,-0.044633207221187,0.0387865705816188,"13.7","ORF8"
-0.128074727156145,-0.0444503048046313,0.0391741175468826,"13.8","ORF8"
-0.128087521576194,-0.044262115737002,0.0395632901021902,"13.9","ORF8"
-0.128091461797166,-0.0440686850334151,0.0399540917303357,"14","ORF8"
-0.128086641326974,-0.0438700577089866,0.0403465259090011,"14.1","ORF8"
-0.128073153666014,-0.0436662787788328,0.0407405961083481,"14.2","ORF8"
-0.128051092304681,-0.0434573932580697,0.0411363057885415,"14.3","ORF8"
-0.12802055072083,-0.0432434461618135,0.0415336583972032,"14.4","ORF8"
-0.127981622377158,-0.0430244825051802,0.0419326573667978,"14.5","ORF8"
-0.127934400718519,-0.042800547303286,0.0423333061119468,"14.6","ORF8"
-0.127878979169167,-0.042571685571247,0.0427356080266727,"14.7","ORF8"
-0.127815451129928,-0.0423379423241792,0.0431395664815696,"14.8","ORF8"
-0.1277439099753,-0.0420993625771989,0.0435451848209021,"14.9","ORF8"
-0.127664449050474,-0.041855991345422,0.0439524663596302,"15","ORF8"
-0.127577161668288,-0.0416078736439647,0.0443614143803589,"15.1","ORF8"
-0.127482141106101,-0.0413550544879433,0.0447720321302141,"15.2","ORF8"
-0.127379480602589,-0.0410975788924736,0.0451843228176418,"15.3","ORF8"
-0.127269273354474,-0.0408354918726719,0.0455982896091302,"15.4","ORF8"
-0.127151612513164,-0.0405688384436542,0.046013935625856,"15.5","ORF8"
-0.127026591181325,-0.0402976636205366,0.046431263940252,"15.6","ORF8"
-0.126894302409367,-0.0400220124184354,0.0468502775724968,"15.7","ORF8"
-0.126754839191858,-0.0397419298524664,0.0472709794869252,"15.8","ORF8"
-0.126608294463852,-0.0394574609377459,0.04769337258836,"15.9","ORF8"
-0.126454761097144,-0.0391686506893903,0.0481174597183638,"16","ORF8"
-0.126294331896441,-0.038875544122515,0.0485432436514107,"16.1","ORF8"
-0.126127099595451,-0.0385781862522367,0.0489707270909771,"16.2","ORF8"
-0.125953156852896,-0.0382766220936714,0.0493999126655534,"16.3","ORF8"
-0.125772596248443,-0.0379708966619351,0.0498308029245729,"16.4","ORF8"
-0.125585510278549,-0.0376610549721439,0.050263400334261,"16.5","ORF8"
-0.125391991352231,-0.0373471420394139,0.0506977072734027,"16.6","ORF8"
-0.125192131786752,-0.0370292028788613,0.051133726029029,"16.7","ORF8"
-0.124986023803227,-0.0367072825056022,0.0515714587920224,"16.8","ORF8"
-0.124773759522147,-0.0363814259347527,0.0520109076526413,"16.9","ORF8"
-0.124555430958821,-0.0360516781814288,0.0524520745959628,"17","ORF8"
-0.124331130018739,-0.0357180842607468,0.052894961497246,"17.1","ORF8"
-0.124100948492859,-0.0353806891878225,0.0533395701172141,"17.2","ORF8"
-0.123864978052802,-0.0350395379777725,0.0537859020972568,"17.3","ORF8"
-0.123623310245978,-0.0346946756457125,0.0542339589545534,"17.4","ORF8"
-0.123376036490634,-0.0343461472067587,0.0546837420771167,"17.5","ORF8"
-0.123123248070813,-0.0339939976760272,0.0551352527187581,"17.6","ORF8"
-0.122865036131245,-0.0336382720686343,0.055588491993976,"17.7","ORF8"
-0.122601491672159,-0.033279015399696,0.0560434608727668,"17.8","ORF8"
-0.122332705544017,-0.0329162726843283,0.05650016017536,"17.9","ORF8"
-0.122058768442173,-0.0325500889376473,0.0569585905668781,"18","ORF8"
-0.121779770901462,-0.0321805091747693,0.057418752551923,"18.1","ORF8"
-0.12149580329071,-0.0318075784108102,0.0578806464690891,"18.2","ORF8"
-0.121206955807178,-0.0314313416608863,0.0583442724854053,"18.3","ORF8"
-0.120913318470934,-0.0310518439401136,0.058809630590707,"18.4","ORF8"
-0.120614981119155,-0.0306691302636082,0.0592767205919385,"18.5","ORF8"
-0.120312033400362,-0.0302832456464862,0.0597455421073892,"18.6","ORF8"
-0.120004564768592,-0.0298942351038638,0.0602160945608638,"18.7","ORF8"
-0.119692664477503,-0.0295021436508571,0.0606883771757891,"18.8","ORF8"
-0.119376421574422,-0.0291070163025821,0.0611623889692581,"18.9","ORF8"
-0.119055924894326,-0.028708898074155,0.0616381287460157,"19","ORF8"
-0.118731263053769,-0.0283078339806918,0.0621155950923851,"19.1","ORF8"
-0.118402524444757,-0.0279038690373089,0.062594786370139,"19.2","ORF8"
-0.118069797228563,-0.0274970482591221,0.0630757007103187,"19.3","ORF8"
-0.117733169329495,-0.0270874166612476,0.0635583360070002,"19.4","ORF8"
-0.117392728428616,-0.0266750192588013,0.0640426899110137,"19.5","ORF8"
-0.117048561957415,-0.0262599010668998,0.0645287598236156,"19.6","ORF8"
-0.116700757091438,-0.0258421071006589,0.0650165428901203,"19.7","ORF8"
-0.116349400743878,-0.0254216823751949,0.0655060359934886,"19.8","ORF8"
-0.115994579559128,-0.0249986719056236,0.0659972357478812,"19.9","ORF8"
-0.115636379906299,-0.0245731207070612,0.0664901384921769,"20","ORF8"
-0.115274887872708,-0.024145073794624,0.0669847402834603,"20.1","ORF8"
-0.114910189257339,-0.0237145761834279,0.0674810368904827,"20.2","ORF8"
-0.114542369564275,-0.0232816728885892,0.0679790237870966,"20.3","ORF8"
-0.11417151399612,-0.0228464089252237,0.068478696145672,"20.4","ORF8"
-0.11379770744739,-0.0224088293084479,0.0689800488304938,"20.5","ORF8"
-0.113421034497902,-0.0219689790533777,0.0694830763911467,"20.6","ORF8"
-0.113041579406149,-0.0215269031751293,0.0699877730558901,"20.7","ORF8"
-0.112659426102666,-0.0210826466888186,0.0704941327250286,"20.8","ORF8"
-0.112274658183402,-0.0206362546095619,0.071002148964278,"20.9","ORF8"
-0.111887358903088,-0.0201877719524754,0.0715118149981369,"21","ORF8"
-0.111497611168614,-0.0197372437326749,0.0720231237032644,"21.1","ORF8"
-0.111105497532419,-0.0192847149652768,0.0725360676018658,"21.2","ORF8"
-0.110711100185893,-0.0188302306653971,0.0730506388550986,"21.3","ORF8"
-0.110314500952797,-0.0183738358481517,0.073566829256494,"21.4","ORF8"
-0.109915781282719,-0.0179155755286571,0.0740846302254052,"21.5","ORF8"
-0.109515022244542,-0.0174554947220291,0.0746040328004837,"21.6","ORF8"
-0.109112304519958,-0.0169936384433841,0.0751250276331894,"21.7","ORF8"
-0.108707708397016,-0.0165300517078378,0.0756476049813405,"21.8","ORF8"
-0.108301313763716,-0.0160647795305066,0.0761717547027031,"21.9","ORF8"
-0.107893200101647,-0.0155978669265069,0.0766974662486332,"22","ORF8"
-0.107483446479678,-0.0151293589109542,0.0772247286577694,"22.1","ORF8"
-0.107072131547713,-0.0146593004989648,0.077753530549783,"22.2","ORF8"
-0.106659333530503,-0.0141877367056549,0.0782838601191928,"22.3","ORF8"
-0.106245130221529,-0.0137147125461408,0.0788157051292471,"22.4","ORF8"
-0.105829598976956,-0.0132402730355382,0.0793490529058796,"22.5","ORF8"
-0.105412816709668,-0.0127644631889635,0.0798838903317412,"22.6","ORF8"
-0.104994859883384,-0.0122873280215326,0.080420203840319,"22.7","ORF8"
-0.104575804506864,-0.0118089125483617,0.0809579794101404,"22.8","ORF8"
-0.104155726128206,-0.0113292617845672,0.081497202559072,"22.9","ORF8"
-0.103734699829249,-0.0108484207452648,0.082037858338719,"23","ORF8"
-0.103312800220067,-0.0103664344455707,0.0825799313289252,"23.1","ORF8"
-0.102890101433587,-0.00988334790060124,0.0831234056323848,"23.2","ORF8"
-0.102466677120312,-0.00939920612547233,0.0836682648693674,"23.3","ORF8"
-0.102042600443162,-0.0089140541353,0.0842144921725619,"23.4","ORF8"
-0.101617944072446,-0.00842793694520052,0.0847620701820454,"23.5","ORF8"
-0.10119278018096,-0.00794089957028973,0.0853109810403806,"23.6","ORF8"
-0.100767180439216,-0.00745298702568443,0.0858612063878472,"23.7","ORF8"
-0.100341216010815,-0.00696424432649996,0.0864127273578153,"23.8","ORF8"
-0.0999149575479629,-0.00647471648785264,0.0869655245722576,"23.9","ORF8"
-0.0994884751871324,-0.00598444852485868,0.0875195781374151,"24","ORF8"
-0.0990618385448816,-0.00549348545263424,0.0880748676396131,"24.1","ORF8"
-0.0986351167138284,-0.00500187228629549,0.0886313721412374,"24.2","ORF8"
-0.0982083782587882,-0.0045096540409581,0.089189070176872,"24.3","ORF8"
-0.0977816912130798,-0.00401687573173879,0.0897479397496022,"24.4","ORF8"
-0.0973551230749994,-0.00352358237375324,0.0903079583274929,"24.5","ORF8"
-0.0969287408044737,-0.00302981898211764,0.0908691028402384,"24.6","ORF8"
-0.0965026108198909,-0.00253563057194844,0.091431349675994,"24.7","ORF8"
-0.0960767989951138,-0.0020410621583613,0.0919946746783912,"24.8","ORF8"
-0.0956513706566831,-0.00154615875647237,0.0925590531437383,"24.9","ORF8"
-0.0952263905812109,-0.00105096538139795,0.093124459818415,"25","ORF8"
-0.0948019229929671,-0.000555527048254026,0.093690868896459,"25.1","ORF8"
-0.0943780315616668,-5.98887721569574e-05,0.0942582540173529,"25.2","ORF8"
-0.0939547794004566,0.000435904431777615,0.0948265882640118,"25.3","ORF8"
-0.0935322290641064,0.000931807548433243,0.0953958441609729,"25.4","ORF8"
-0.0931104425474106,0.00142777556269374,0.0959659936727981,"25.5","ORF8"
-0.0926894812837942,0.00192376345944332,0.0965370082026809,"25.6","ORF8"
-0.0922694061441394,0.0024197262235655,0.0971088585912704,"25.7","ORF8"
-0.0918502774358201,0.00291561883994454,0.0976815151157092,"25.8","ORF8"
-0.0914321549019591,0.00341139629346427,0.0982549474888876,"25.9","ORF8"
-0.0910150977209041,0.00390701356900812,0.0988291248589203,"26","ORF8"
-0.0905991645059225,0.00440242565146062,0.0994040158088437,"26.1","ORF8"
-0.0901844133051239,0.00489758752570519,0.0999795883565343,"26.2","ORF8"
-0.0897709016016038,0.00539245417662614,0.100555809954856,"26.3","ORF8"
-0.0893586863138174,0.00588698058910669,0.101132647492031,"26.4","ORF8"
-0.088947823796176,0.00638112174803154,0.101710067292239,"26.5","ORF8"
-0.088538369839877,0.00687483263828406,0.102288035116445,"26.6","ORF8"
-0.0881303796739602,0.00736806824474819,0.102866516163457,"26.7","ORF8"
-0.0877239079665939,0.00786078355230805,0.10344547507121,"26.8","ORF8"
-0.087319008826593,0.00835293354584754,0.104024875918288,"26.9","ORF8"
-0.086915735805166,0.00884447321025007,0.104604682225666,"27","ORF8"
-0.0865141418978928,0.0093353575304003,0.105184856958693,"27.1","ORF8"
-0.0861142795469342,0.00982554149118139,0.105765362529297,"27.2","ORF8"
-0.0857162006434692,0.0103149800774774,0.106346160798424,"27.3","ORF8"
-0.0853199565303621,0.0108036282741726,0.106927213078707,"27.4","ORF8"
-0.0849255980050621,0.0112914410661506,0.107508480137363,"27.5","ORF8"
-0.0845331753227233,0.0117783734382953,0.108089922199314,"27.6","ORF8"
-0.0841427381995593,0.0122643803754904,0.10867149895054,"27.7","ORF8"
-0.0837543358164165,0.0127494168626201,0.109253169541657,"27.8","ORF8"
-0.0833680168225761,0.0132334378845685,0.109834892591713,"27.9","ORF8"
-0.0829838293397773,0.0137163984262188,0.110416626192215,"28","ORF8"
-0.0826018209664571,0.0141982534724555,0.110998327911368,"28.1","ORF8"
-0.0822220387822158,0.0146789580081622,0.11157995479854,"28.2","ORF8"
-0.0818445293524928,0.015158467018223,0.112161463388939,"28.3","ORF8"
-0.0814693387334597,0.0156367354875214,0.112742809708502,"28.4","ORF8"
-0.0810965124771236,0.0161137184009415,0.113323949279007,"28.5","ORF8"
-0.0807260956366417,0.0165893707433674,0.113904837123377,"28.6","ORF8"
-0.0803581327718403,0.017063647499683,0.114485427771206,"28.7","ORF8"
-0.0799926679549392,0.0175365036547716,0.115065675264482,"28.8","ORF8"
-0.0796297447764751,0.0180078941935178,0.115645533163511,"28.9","ORF8"
-0.0792694063514252,0.0184777741008051,0.116224954553035,"29","ORF8"
-0.0789116953255234,0.0189460983615171,0.116803892048558,"29.1","ORF8"
-0.0785566538817667,0.0194128219605386,0.117382297802844,"29.2","ORF8"
-0.0782043237471153,0.0198778998827529,0.117960123512621,"29.3","ORF8"
-0.0778547461993685,0.0203412871130437,0.118537320425456,"29.4","ORF8"
-0.0775079620742285,0.0208029386362949,0.119113839346818,"29.5","ORF8"
-0.0771640117725371,0.0212628094373915,0.11968963064732,"29.6","ORF8"
-0.076822935267691,0.0217208545012157,0.120264644270122,"29.7","ORF8"
-0.0764847721132188,0.0221770288126526,0.120838829738524,"29.8","ORF8"
-0.0761495614505322,0.0226312873565857,0.121412136163704,"29.9","ORF8"
-0.0758173420168331,0.0230835851178991,0.121984512252631,"30","ORF8"
-0.0754881521531841,0.0235338770814759,0.122555906316136,"30.1","ORF8"
-0.0751620298127254,0.0239821182322011,0.123126266277128,"30.2","ORF8"
-0.0748390125690513,0.0244282635549577,0.123695539678967,"30.3","ORF8"
-0.0745191376247239,0.02487226803463,0.124263673693984,"30.4","ORF8"
-0.0742024418199354,0.0253140866561023,0.12483061513214,"30.5","ORF8"
-0.073888961641304,0.0257536744042576,0.125396310449819,"30.6","ORF8"
-0.0735787332308058,0.0261909862639802,0.125960705758766,"30.7","ORF8"
-0.0732717923948341,0.0266259772201542,0.126523746835143,"30.8","ORF8"
-0.0729681746133891,0.0270586022576634,0.127085379128716,"30.9","ORF8"
-0.0726679150493836,0.0274888163613913,0.127645547772166,"31","ORF8"
-0.0723710485580691,0.0279165745162222,0.128204197590513,"31.1","ORF8"
-0.072077609696576,0.02834183170704,0.128761273110656,"31.2","ORF8"
-0.071787632733562,0.0287645429187284,0.129316718571019,"31.3","ORF8"
-0.0715011516589677,0.0291846631361713,0.12987047793131,"31.4","ORF8"
-0.0712182001938702,0.0296021473442531,0.130422494882376,"31.5","ORF8"
-0.0709388118004418,0.0300169505278568,0.130972712856155,"31.6","ORF8"
-0.0706630196919944,0.0304290276718669,0.131521075035728,"31.7","ORF8"
-0.0703908568431205,0.0308383337611672,0.132067524365455,"31.8","ORF8"
-0.0701223559999184,0.0312448237806413,0.132612003561201,"31.9","ORF8"
-0.0698575496903007,0.0316484527151729,0.133154455120647,"32","ORF8"
-0.0695964702343807,0.032049175549647,0.133694821333675,"32.1","ORF8"
-0.069339149754941,0.0324469472689468,0.134233044292835,"32.2","ORF8"
-0.0690856201879657,0.0328417228579558,0.134769065903877,"32.3","ORF8"
-0.0688359132932499,0.0332334573015585,0.135302827896367,"32.4","ORF8"
-0.0685900606650706,0.0336221055846384,0.135834271834347,"32.5","ORF8"
-0.0683480937429228,0.0340076226920794,0.136363339127082,"32.6","ORF8"
-0.0681100438223145,0.0343899636087658,0.136889971039846,"32.7","ORF8"
-0.0678759420656195,0.0347690833195812,0.137414108704782,"32.8","ORF8"
-0.0676458195129846,0.0351449368094097,0.137935693131804,"32.9","ORF8"
-0.067419707093286,0.0355174790631348,0.138454665219556,"33","ORF8"
-0.0671976356351382,0.0358866650656407,0.13897096576642,"33.1","ORF8"
-0.066979635877945,0.036252449801811,0.139484535481567,"33.2","ORF8"
-0.0667657384829961,0.0366147882565298,0.139995314996056,"33.3","ORF8"
-0.0665559740446064,0.0369736354146814,0.140503244873969,"33.4","ORF8"
-0.066350373101293,0.0373289462611487,0.14100826562359,"33.5","ORF8"
-0.0661489661469861,0.0376806757808165,0.141510317708619,"33.6","ORF8"
-0.065951783642281,0.0380287789585684,0.142009341559418,"33.7","ORF8"
-0.0657588560257189,0.038373210779288,0.142505277584295,"33.8","ORF8"
-0.0655702137250986,0.0387139262278597,0.142998066180818,"33.9","ORF8"
-0.0653858871688191,0.0390508802891669,0.143487647747153,"34","ORF8"
-0.065205906797249,0.0393840279480939,0.143973962693437,"34.1","ORF8"
-0.0650303030741235,0.0397133241895243,0.144456951453172,"34.2","ORF8"
-0.0648591064979629,0.0400387239983422,0.144936554494647,"34.3","ORF8"
-0.0646923476135189,0.0403601823594314,0.145412712332382,"34.4","ORF8"
-0.0645300570232397,0.0406776542576752,0.14588536553859,"34.5","ORF8"
-0.0643722653987555,0.0409910946779587,0.146354454754673,"34.6","ORF8"
-0.0642190034923898,0.0413004586051649,0.14681992070272,"34.7","ORF8"
-0.0640703021486818,0.0416057010241781,0.147281704197038,"34.8","ORF8"
-0.0639261923159331,0.0419067769198819,0.147739746155697,"34.9","ORF8"
-0.063786705057769,0.0422036412771604,0.14819398761209,"35","ORF8"
-0.0636518715647177,0.0424962490808975,0.148644369726513,"35.1","ORF8"
-0.0635217231658055,0.042784555315977,0.14909083379776,"35.2","ORF8"
-0.0633962913401681,0.0430685149672825,0.149533321274733,"35.3","ORF8"
-0.0632756077286741,0.0433480830196986,0.149971773768071,"35.4","ORF8"
-0.0631597041455717,0.0436232144581083,0.150406133061788,"35.5","ORF8"
-0.0630486125901398,0.0438938642673963,0.150836341124932,"35.6","ORF8"
-0.0629423652583598,0.0441599874324461,0.151262340123252,"35.7","ORF8"
-0.0628409945546037,0.0444215389381416,0.151684072430887,"35.8","ORF8"
-0.0627445331033299,0.0446784737693668,0.152101480642064,"35.9","ORF8"
-0.0626530137607989,0.0449307469110054,0.15251450758281,"36","ORF8"
-0.0625664696268024,0.0451783133479417,0.152923096322686,"36.1","ORF8"
-0.0624849340564062,0.0454211280650591,0.153327190186524,"36.2","ORF8"
-0.0624084406717066,0.0456591460472419,0.15372673276619,"36.3","ORF8"
-0.0623370233736074,0.0458923222793737,0.154121667932355,"36.4","ORF8"
-0.0622707163536047,0.0461206117463381,0.154511939846281,"36.5","ORF8"
-0.0622095541055923,0.04634396943302,0.154897492971632,"36.6","ORF8"
-0.0621535714376822,0.0465623503243022,0.155278272086287,"36.7","ORF8"
-0.0621028034840415,0.0467757094050695,0.155654222294181,"36.8","ORF8"
-0.0620572857167457,0.046984001660205,0.156025289037156,"36.9","ORF8"
-0.0620170539576475,0.0471871820745932,0.156391418106834,"37","ORF8"
-0.0619821443902679,0.0473852056331176,0.156752555656503,"37.1","ORF8"
-0.0619525935717016,0.0475780273206621,0.157108648213026,"37.2","ORF8"
-0.0619284384445393,0.0477656021221111,0.157459642688762,"37.3","ORF8"
-0.0619097163488152,0.0479478850223477,0.157805486393511,"37.4","ORF8"
-0.0618964650339695,0.0481248310062562,0.158146127046482,"37.5","ORF8"
-0.0618887226708307,0.0482963950587208,0.158481512788272,"37.6","ORF8"
-0.06188652786362,0.0484625321646246,0.158811592192869,"37.7","ORF8"
-0.0618899196619757,0.0486231973088523,0.15913631427968,"37.8","ORF8"
-0.0618989375729989,0.0487783454762877,0.159455628525574,"37.9","ORF8"
-0.0619136215733233,0.048927931651814,0.159769484876951,"38","ORF8"
-0.0619340121211986,0.0490719108203156,0.16007783376183,"38.1","ORF8"
-0.0619601501686058,0.0492102379666767,0.160380626101959,"38.2","ORF8"
-0.0619920771733927,0.0493428680757802,0.160677813324953,"38.3","ORF8"
-0.062029835111425,0.0494697561325111,0.160969347376447,"38.4","ORF8"
-0.0620734664887686,0.0495908571217524,0.161255180732274,"38.5","ORF8"
-0.0621230143538914,0.0497061260283888,0.161535266410669,"38.6","ORF8"
-0.0621785223098859,0.0498155178373036,0.161809557984493,"38.7","ORF8"
-0.0622400345267172,0.0499189875333809,0.162078009593479,"38.8","ORF8"
-0.0623075957534938,0.0500164901015045,0.162340575956503,"38.9","ORF8"
-0.0623812513307558,0.0501079805265587,0.162597212383873,"39","ORF8"
-0.0624610472027927,0.0501934137934265,0.162847874789646,"39.1","ORF8"
-0.0625470299299742,0.050272744886993,0.16309251970396,"39.2","ORF8"
-0.0626392467011108,0.0503459287921405,0.163331104285392,"39.3","ORF8"
-0.0627377453458222,0.0504129204937549,0.163563586333332,"39.4","ORF8"
-0.0628425743469414,0.0504736749767182,0.163789924300378,"39.5","ORF8"
-0.0629537828529188,0.0505281472259153,0.164010077304749,"39.6","ORF8"
-0.063071420690258,0.0505762922262299,0.164224005142718,"39.7","ORF8"
-0.0631955383759609,0.0506180649625457,0.164431668301052,"39.8","ORF8"
-0.0633261871299882,0.0506534204197471,0.164633027969482,"39.9","ORF8"
-0.0634634188877332,0.0506823135827177,0.164828046053169,"40","ORF8"
-0.0636072863125073,0.0507046994363409,0.165016685185189,"40.1","ORF8"
-0.0637578428080314,0.0507205329655013,0.165198908739034,"40.2","ORF8"
-0.0639151425309407,0.050729769155083,0.165374680841107,"40.3","ORF8"
-0.0640792404032913,0.0507323629899686,0.165543966383228,"40.4","ORF8"
-0.0642501921250639,0.050728269455043,0.16570673103515,"40.5","ORF8"
-0.0644280541866783,0.0507174435351903,0.165862941257059,"40.6","ORF8"
-0.0646128838814956,0.0506998402152938,0.166012564312083,"40.7","ORF8"
-0.0648047393183174,0.0506754144802378,0.166155568278793,"40.8","ORF8"
-0.0650036794338767,0.0506441213149058,0.166291922063688,"40.9","ORF8"
-0.0652097640053097,0.0506059157041818,0.166421595413673,"41","ORF8"
-0.0654230536626215,0.0505607526329497,0.166544558928521,"41.1","ORF8"
-0.0656436099011162,0.0505085870860938,0.166660784073304,"41.2","ORF8"
-0.0658714950938169,0.0504493740484966,0.16677024319081,"41.3","ORF8"
-0.0661067725038395,0.0503830685050442,0.166872909513928,"41.4","ORF8"
-0.0663495062967451,0.050309625440619,0.166968757177983,"41.5","ORF8"
-0.0665997615528457,0.0502289998401051,0.167057761233056,"41.6","ORF8"
-0.0668576042794622,0.0501411466883866,0.167139897656235,"41.7","ORF8"
-0.0671231014231365,0.0500460209703473,0.167215143363831,"41.8","ORF8"
-0.0673963208817804,0.0499435776708708,0.167283476223522,"41.9","ORF8"
-0.0676773315167643,0.0498337717748413,0.167344875066447,"42","ORF8"
-0.0679662031649337,0.0497165582671429,0.167399319699219,"42.1","ORF8"
-0.0682630066505473,0.0495918921326592,0.167446790915866,"42.2","ORF8"
-0.0685678137971315,0.0494597283562743,0.16748727050968,"42.3","ORF8"
-0.0688806974392394,0.0493200219228715,0.167520741284982,"42.4","ORF8"
-0.0692017314341099,0.049172727817336,0.167547187068782,"42.5","ORF8"
-0.0695309906732244,0.0490178010245494,0.167566592722323,"42.6","ORF8"
-0.0698685510937263,0.0488551965293979,0.167578944152522,"42.7","ORF8"
-0.0702144896897392,0.0486848693167646,0.167584228323268,"42.8","ORF8"
-0.0705688845235275,0.0485067743715333,0.167582433266594,"42.9","ORF8"
-0.0709318147365199,0.0483208666785878,0.167573548093695,"43","ORF8"
-0.0713033605601741,0.0481271012228119,0.167557563005798,"43.1","ORF8"
-0.0716836033266749,0.0479254329890896,0.167534469304854,"43.2","ORF8"
-0.0720726254794538,0.0477158169623042,0.167504259404062,"43.3","ORF8"
-0.0724705105835192,0.0474982081273412,0.167466926838202,"43.4","ORF8"
-0.0728773433355847,0.047272561469084,0.167422466273753,"43.5","ORF8"
-0.0732932095739849,0.0470388319724153,0.167370873518816,"43.6","ORF8"
-0.0737181962883645,0.04679697462222,0.167312145532804,"43.7","ORF8"
-0.0741523916291321,0.0465469444033813,0.167246280435895,"43.8","ORF8"
-0.0745958849166597,0.0462886963007835,0.167173277518227,"43.9","ORF8"
-0.0750487666502131,0.0460221852993104,0.167093137248834,"44","ORF8"
-0.075511128516617,0.0457473663838469,0.167005861284311,"44.1","ORF8"
-0.0759830633986119,0.0454641945392745,0.166911452477161,"44.2","ORF8"
-0.0764646653829088,0.0451726247504796,0.166809914883868,"44.3","ORF8"
-0.0769560297679283,0.0448726120023448,0.166701253772618,"44.4","ORF8"
-0.0774572530711891,0.0445641112797543,0.166585475630698,"44.5","ORF8"
-0.0779684330363586,0.044247077567592,0.166462588171542,"44.6","ORF8"
-0.0784896686399186,0.0439214658507415,0.166332600341402,"44.7","ORF8"
-0.0790210600974609,0.0435872311140868,0.166195522325634,"44.8","ORF8"
-0.07956270886957,0.0432443283425122,0.166051365554594,"44.9","ORF8"
-0.0801147176672976,0.0428927125209012,0.1659001427091,"45","ORF8"
-0.0806771904571944,0.0425323386341376,0.16574186772547,"45.1","ORF8"
-0.0812502324658982,0.0421631616671056,0.165576555800109,"45.2","ORF8"
-0.0818339501842431,0.0417851366046891,0.165404223393621,"45.3","ORF8"
-0.0824284513708982,0.041398218431772,0.165224888234442,"45.4","ORF8"
-0.0830338450554835,0.0410023621332384,0.16503856932196,"45.5","ORF8"
-0.0836502415411826,0.0405975226939712,0.164845286929125,"45.6","ORF8"
-0.0842777524068061,0.0401836550988544,0.164645062604515,"45.7","ORF8"
-0.0849164905082968,0.0397607143327732,0.164437919173843,"45.8","ORF8"
-0.0855665699796774,0.0393286553806103,0.164223880740898,"45.9","ORF8"
-0.0862281062333788,0.0388874332272504,0.16400297268788,"46","ORF8"
-0.0869012159599872,0.038437002857577,0.163775221675141,"46.1","ORF8"
-0.0875860171273453,0.0379773192564738,0.163540655640293,"46.2","ORF8"
-0.0882826289790158,0.0375083374088247,0.163299303796665,"46.3","ORF8"
-0.0889911720320803,0.0370300122995139,0.163051196631108,"46.4","ORF8"
-0.0897117680742667,0.0365422989134256,0.162796365901118,"46.5","ORF8"
-0.0904445401603716,0.0360451522354422,0.162534844631256,"46.6","ORF8"
-0.0911896126079702,0.0355385272504493,0.162266667108869,"46.7","ORF8"
-0.0919471109924124,0.03502237894333,0.161991868879073,"46.8","ORF8"
-0.0927171621410591,0.0344966622989688,0.161710486738997,"46.9","ORF8"
-0.0934998941267606,0.0339613323022484,0.161422558731257,"47","ORF8"
-0.0942954362605719,0.0334163439380538,0.161128124136679,"47.1","ORF8"
-0.0951039190836693,0.0328616521912687,0.160827223466207,"47.2","ORF8"
-0.0959254743584707,0.0322972120467764,0.160519898452023,"47.3","ORF8"
-0.096760235058932,0.0317229784894605,0.160206192037853,"47.4","ORF8"
-0.0976083353600324,0.0311389065042069,0.159886148368446,"47.5","ORF8"
-0.0984699106264065,0.0305449510758972,0.159559812778201,"47.6","ORF8"
-0.0993450974001288,0.0299410671894168,0.159227231778962,"47.7","ORF8"
-0.100234033387653,0.029327209829649,0.158888453046951,"47.8","ORF8"
-0.101136857445863,0.0287033339814771,0.158543525408817,"47.9","ORF8"
-0.102053709567259,0.0280693946297867,0.158192498826833,"48","ORF8"
-0.102984730864273,0.0274253467594596,0.157835424383192,"48.1","ORF8"
-0.103930063552663,0.0267711453553812,0.157472354263425,"48.2","ORF8"
-0.104889850934058,0.0261067454024345,0.157103341738927,"48.3","ORF8"
-0.105864237377567,0.0254321018855037,0.156728441148574,"48.4","ORF8"
-0.106853368300521,0.0247471697894734,0.156347707879467,"48.5","ORF8"
-0.107857390148297,0.0240519040992271,0.155961198346751,"48.6","ORF8"
-0.10887645037326,0.0233462597996473,0.155568969972555,"48.7","ORF8"
-0.109910697412795,0.02263019187562,0.155171081164035,"48.8","ORF8"
-0.110960280666453,0.0219036553120271,0.154767591290508,"48.9","ORF8"
-0.112025350472222,0.0211666050937546,0.154358560659732,"49","ORF8"
-0.113106058081907,0.0204189962056843,0.153944050493276,"49.1","ORF8"
-0.114202555635627,0.0196607836327025,0.153524122901032,"49.2","ORF8"
-0.11531499613549,0.0188919223596906,0.153098840854871,"49.3","ORF8"
-0.116443533418368,0.0181123673715335,0.152668268161435,"49.4","ORF8"
-0.11758832212788,0.0173220736531153,0.15223246943411,"49.5","ORF8"
-0.118749517685527,0.0165209961893201,0.151791510064167,"49.6","ORF8"
-0.119927276261031,0.015709089965031,0.151345456191092,"49.7","ORF8"
-0.121121754741892,0.0148863099651329,0.150894374672158,"49.8","ORF8"
-0.12233311070218,0.0140526111745086,0.150438333051197,"49.9","ORF8"
-0.123561502370567,0.0132079485780435,0.149977399526654,"50","ORF8"
-0.124807088597664,0.0123522771606193,0.149511642918903,"50.1","ORF8"
-0.126070028822644,0.0114855519071217,0.149041132636888,"50.2","ORF8"
-0.12735048303921,0.0106077278024341,0.148565938644078,"50.3","ORF8"
-0.128648611760917,0.00971875983143999,0.148086131423797,"50.4","ORF8"
-0.129964575985893,0.00881860297902437,0.147601781943942,"50.5","ORF8"
-0.131298537160982,0.00790721223006907,0.14711296162112,"50.6","ORF8"
-0.132650657145332,0.0069845425694598,0.146619742284251,"50.7","ORF8"
-0.134021098173507,0.00605054898208018,0.146122196137667,"50.8","ORF8"
-0.135410022818102,0.00510518645281355,0.145620395723729,"50.9","ORF8"
-0.136817593951932,0.00414840996654364,0.14511441388502,"51","ORF8"
-0.138243974709842,0.00318017450815516,0.144604323726152,"51.1","ORF8"
-0.139689328450153,0.00220043506253159,0.144090198575216,"51.2","ORF8"
-0.141153818715805,0.00120914661455662,0.143572111944918,"51.3","ORF8"
-0.142637609195236,0.000206264149114455,0.143050137493465,"51.4","ORF8"
-0.144140863683036,-0.000808257348911157,0.142524348985214,"51.5","ORF8"
-0.145663746040426,-0.00183446289463585,0.141994820251154,"51.6","ORF8"
-0.147206420155617,-0.00287239750317675,0.141461625149263,"51.7","ORF8"
-0.148769049904074,-0.00392210618964878,0.140924837524777,"51.8","ORF8"
-0.150351799108753,-0.00498363396916895,0.140384531170415,"51.9","ORF8"
-0.151954831500352,-0.00605702585685364,0.139840779786645,"52","ORF8"
-0.15357831067762,-0.00714232686781785,0.139293656941984,"52.1","ORF8"
-0.155222400067782,-0.00823958201717839,0.138743236033425,"52.2","ORF8"
-0.156887262887123,-0.00934883632005151,0.13818959024702,"52.3","ORF8"
-0.158573062101784,-0.0104701347915525,0.137632792518679,"52.4","ORF8"
-0.160279960388815,-0.0116035224467989,0.137072915495217,"52.5","ORF8"
-0.162008120097532,-0.0127490443009038,0.136510031495725,"52.6","ORF8"
-0.163757703211254,-0.0139067453689879,0.135944212473278,"52.7","ORF8"
-0.1655288713094,-0.0150766706661639,0.135375529977073,"52.8","ORF8"
-0.167321785530092,-0.0162588652075488,0.134804055114995,"52.9","ORF8"
-0.169136606533227,-0.0174533740082583,0.13422985851671,"53","ORF8"
-0.170973494464096,-0.0186602420834091,0.133653010297278,"53.1","ORF8"
-0.172832608917617,-0.0198795144481179,0.133073580021381,"53.2","ORF8"
-0.174714108903175,-0.0211112361174988,0.132491636668177,"53.3","ORF8"
-0.17661815281017,-0.0223554521066709,0.131907248596828,"53.4","ORF8"
-0.178544898374269,-0.0236122074307468,0.131320483512775,"53.5","ORF8"
-0.180494502644432,-0.0248815471048462,0.13073140843474,"53.6","ORF8"
-0.18246712195073,-0.0261635161440826,0.130140089662565,"53.7","ORF8"
-0.184462911873002,-0.0274581595635726,0.129546592745857,"53.8","ORF8"
-0.186482027210415,-0.0287655223784333,0.128950982453548,"53.9","ORF8"
-0.18852462195188,-0.0300856496037797,0.12835332274432,"54","ORF8"
-0.190590849247464,-0.0314185862547279,0.127753676738008,"54.1","ORF8"
-0.192680861380746,-0.0327643773463952,0.127152106687955,"54.2","ORF8"
-0.194794809742173,-0.0341230678938975,0.126548673954378,"54.3","ORF8"
-0.196932844803454,-0.0354947029123487,0.125943438978757,"54.4","ORF8"
-0.199095116092997,-0.036879327416868,0.125336461259261,"54.5","ORF8"
-0.201281772172424,-0.0382769864225695,0.124727799327285,"54.6","ORF8"
-0.203492960614171,-0.0396877249445697,0.124117510725031,"54.7","ORF8"
-0.205728827980215,-0.0411115879979855,0.123505651984244,"54.8","ORF8"
-0.207989519801908,-0.0425486205979321,0.122892278606044,"54.9","ORF8"
-0.210275180560964,-0.0439988677595263,0.122277445041911,"55","ORF8"
-0.212585953671579,-0.0454623744978843,0.121661204675811,"55.1","ORF8"
-0.214921981463738,-0.04693918582812,0.121043609807498,"55.2","ORF8"
-0.217283405167665,-0.0484293467653533,0.120424711636959,"55.3","ORF8"
-0.219670364899441,-0.0499329023246966,0.119804560250047,"55.4","ORF8"
-0.222082999647802,-0.0514498975212682,0.119183204605265,"55.5","ORF8"
-0.22452144726212,-0.052980377370185,0.11856069252175,"55.6","ORF8"
-0.226985844441508,-0.0545243868865597,0.117937070668388,"55.7","ORF8"
-0.229476326725145,-0.0560819710855119,0.117312384554121,"55.8","ORF8"
-0.231993028483719,-0.0576531749821561,0.116686678519407,"55.9","ORF8"
-0.234536082912028,-0.0592380435916088,0.11605999572881,"56","ORF8"
-0.23710562202272,-0.0608366219289845,0.115432378164751,"56.1","ORF8"
-0.239701776641167,-0.0624489550094029,0.114803866622361,"56.2","ORF8"
-0.242324676401425,-0.0640750878479761,0.114174500705473,"56.3","ORF8"
-0.244974449743319,-0.0657150654598238,0.113544318823672,"56.4","ORF8"
-0.247651223910576,-0.0673689328600597,0.112913358190457,"56.5","ORF8"
-0.250355124950034,-0.0690367350637995,0.112281654822435,"56.6","ORF8"
-0.253086277711877,-0.070718517086162,0.111649243539553,"56.7","ORF8"
-0.255844805850899,-0.0724143239422608,0.111016157966377,"56.8","ORF8"
-0.258630831828726,-0.0741242006472129,0.1103824305343,"56.9","ORF8"
-0.26144447691705,-0.0758481922161351,0.10974809248478,"57","ORF8"
-0.264285861201754,-0.0775863436641425,0.109113173873469,"57.1","ORF8"
-0.267155103587982,-0.0793387000063514,0.108477703575279,"57.2","ORF8"
-0.270052321806091,-0.0811053062578778,0.107841709290336,"57.3","ORF8"
-0.272977632418434,-0.0828862074338374,0.107205217550759,"57.4","ORF8"
-0.275931150826998,-0.0846814485493488,0.106568253728301,"57.5","ORF8"
-0.278912991281822,-0.0864910746195263,0.105930842042769,"57.6","ORF8"
-0.281923266890179,-0.088315130659485,0.105293005571209,"57.7","ORF8"
-0.284962089626502,-0.0901536616843414,0.104654766257819,"57.8","ORF8"
-0.288029570343001,-0.0920067127092135,0.104016144924574,"57.9","ORF8"
-0.291125818780955,-0.093874328749215,0.103377161282526,"58","ORF8"
-0.294250943582636,-0.0957565548194633,0.10273783394371,"58.1","ORF8"
-0.297405052303852,-0.0976534359350766,0.102098180433699,"58.2","ORF8"
-0.300588251427037,-0.0995650171111653,0.101458217204707,"58.3","ORF8"
-0.303800646374921,-0.101491343362851,0.100817959649219,"58.4","ORF8"
-0.30704234152466,-0.103432459705247,0.100177422114165,"58.5","ORF8"
-0.310313440222472,-0.105388411153471,0.0995366179155309,"58.6","ORF8"
-0.313614044798727,-0.107359242722638,0.0988955593534513,"58.7","ORF8"
-0.316944256583411,-0.109344999427864,0.0982542577276831,"58.8","ORF8"
-0.320304175922011,-0.111345726284266,0.0976127233534798,"58.9","ORF8"
-0.323693902191723,-0.11336146830696,0.0969709655778023,"59","ORF8"
-0.327113533817984,-0.11539227051106,0.0963289927958641,"59.1","ORF8"
-0.330563168291324,-0.117438177911685,0.0956868124679549,"59.2","ORF8"
-0.334042902184432,-0.11949923552395,0.0950444311365315,"59.3","ORF8"
-0.337552831169485,-0.121575488362971,0.0944018544435422,"59.4","ORF8"
-0.341093050035678,-0.123666981443864,0.0937590871479493,"59.5","ORF8"
-0.344663652706926,-0.125773759781745,0.0931161331434355,"59.6","ORF8"
-0.348264732259719,-0.127895868391731,0.0924729954762572,"59.7","ORF8"
-0.351896380941101,-0.130033352288938,0.0918296763632257,"59.8","ORF8"
-0.355558690186747,-0.132186256488481,0.0911861772097856,"59.9","ORF8"
-0.359251750639125,-0.134354626005475,0.0905424986281739,"60","ORF8"
-0.362975652165703,-0.13653850585504,0.0898986404556239,"60.1","ORF8"
-0.366730483877186,-0.138737941052289,0.0892546017726069,"60.2","ORF8"
-0.370516334145757,-0.140952976612339,0.0886103809210788,"60.3","ORF8"
-0.374333290623323,-0.143183657550307,0.0879659755227092,"60.4","ORF8"
-0.378181440259708,-0.145430028881308,0.0873213824970911,"60.5","ORF8"
-0.382060869320803,-0.147692135620458,0.0866765980798857,"60.6","ORF8"
-0.385971663406654,-0.149970022782874,0.0860316178409074,"60.7","ORF8"
-0.389913907469446,-0.152263735383671,0.0853864367021045,"60.8","ORF8"
-0.393887685831397,-0.154573318437966,0.0847410489554651,"60.9","ORF8"
-0.397893082202522,-0.156898816960874,0.084095448280774,"61","ORF8"
-0.401930179698275,-0.159240275967513,0.0834496277632494,"61.1","ORF8"
-0.405999060857033,-0.161597740472997,0.0828035799110396,"61.2","ORF8"
-0.410099807657419,-0.163971255492445,0.0821572966725291,"61.3","ORF8"
-0.414232501535451,-0.166360866040969,0.0815107694535128,"61.4","ORF8"
-0.418397223401515,-0.168766617133688,0.0808639891341389,"61.5","ORF8"
-0.422594053657129,-0.171188553785718,0.0802169460856934,"61.6","ORF8"
-0.426823072211507,-0.173626721012175,0.0795696301871569,"61.7","ORF8"
-0.431084358497899,-0.176081163828173,0.0789220308415531,"61.8","ORF8"
-0.435377991489731,-0.178551927248831,0.0782741369920682,"61.9","ORF8"
-0.439704049716477,-0.181039056289264,0.0776259371379497,"62","ORF8"
-0.44406261127932,-0.183542595964588,0.0769774193501446,"62.1","ORF8"
-0.448453753866555,-0.186062591289919,0.0763285712867169,"62.2","ORF8"
-0.452877554768741,-0.188599087280372,0.0756793802079977,"62.3","ORF8"
-0.457334090893609,-0.191152128951066,0.0750298329914775,"62.4","ORF8"
-0.461823438780676,-0.193721761317114,0.0743799161464488,"62.5","ORF8"
-0.466345674615635,-0.196308029393635,0.0737296158283637,"62.6","ORF8"
-0.470900874244445,-0.198910978195742,0.0730789178529614,"62.7","ORF8"
-0.475489113187162,-0.201530652738555,0.0724278077100517,"62.8","ORF8"
-0.480110466651493,-0.204167098037187,0.071776270577119,"62.9","ORF8"
-0.484765009546076,-0.206820359106753,0.0711242913325686,"63","ORF8"
-0.489452816493472,-0.209490480962372,0.0704718545687273,"63.1","ORF8"
-0.494173961842898,-0.212177508619162,0.0698189446045741,"63.2","ORF8"
-0.498928519682653,-0.214881487092235,0.0691655454981842,"63.3","ORF8"
-0.503716563852288,-0.217602461396706,0.0685116410588752,"63.4","ORF8"
-0.508538167954489,-0.220340476547695,0.0678572148590978,"63.5","ORF8"
-0.513393405366669,-0.223095577560317,0.0672022502460343,"63.6","ORF8"
-0.518282349252306,-0.225867809449689,0.0665467303529269,"63.7","ORF8"
-0.523205072571961,-0.228657217230924,0.0658906381101138,"63.8","ORF8"
-0.528161648094096,-0.231463845919141,0.0652339562558148,"63.9","ORF8"
-0.533152148405523,-0.234287740529455,0.0645766673466129,"64","ORF8"
-0.538176645921656,-0.237128946076981,0.0639187537676928,"64.1","ORF8"
-0.543235212896458,-0.239987507576837,0.0632601977427835,"64.2","ORF8"
-0.548327921432124,-0.242863470044138,0.0626009813438472,"64.3","ORF8"
-0.553454843488518,-0.245756878494001,0.0619410865005158,"64.4","ORF8"
-0.558616050892321,-0.248667777941542,0.061280495009236,"64.5","ORF8"
-0.563811615345941,-0.251596213401876,0.0606191885421888,"64.6","ORF8"
-0.569041608436164,-0.25454222989012,0.0599571486559237,"64.7","ORF8"
-0.57430610164254,-0.257505872421391,0.0592943567997585,"64.8","ORF8"
-0.579605166345541,-0.260487186010804,0.058630794323933,"64.9","ORF8"
-0.584938873834463,-0.263486215673474,0.0579664424875151,"65","ORF8"
-0.590307295315083,-0.266503006424518,0.0573012824660468,"65.1","ORF8"
-0.5957105019171,-0.269537603279055,0.0566352953589906,"65.2","ORF8"
-0.601148564701299,-0.272590051252195,0.0559684621969097,"65.3","ORF8"
-0.606621554666551,-0.275660395359061,0.0553007639484297,"65.4","ORF8"
-0.612129542756523,-0.278748680614763,0.0546321815269962,"65.5","ORF8"
-0.617672599866212,-0.281854952034421,0.0539626957973695,"65.6","ORF8"
-0.623250796848247,-0.284979254633149,0.0532922875819485,"65.7","ORF8"
-0.628864204518972,-0.288121633426065,0.0526209376668411,"65.8","ORF8"
-0.634512893664328,-0.291282133428285,0.0519486268077589,"65.9","ORF8"
-0.640196935045542,-0.294460799654922,0.0512753357356976,"66","ORF8"
-0.6459163994046,-0.297657677121095,0.0506010451624091,"66.1","ORF8"
-0.651671357469527,-0.300872810841921,0.0499257357856853,"66.2","ORF8"
-0.657461879959484,-0.304106245832514,0.0492493882944563,"66.3","ORF8"
-0.663288037589683,-0.307358027107992,0.0485719833736997,"66.4","ORF8"
-0.669149901076095,-0.310628199683467,0.0478935017091608,"66.5","ORF8"
-0.67504754114002,-0.313916808574059,0.047213923991901,"66.6","ORF8"
-0.68098102851244,-0.317223898794882,0.046533230922675,"66.7","ORF8"
-0.68695043393824,-0.320549515361055,0.0458514032161296,"66.8","ORF8"
-0.692955828180236,-0.323893703287692,0.0451684216048524,"66.9","ORF8"
-0.698997282023063,-0.327256507589909,0.0444842668432439,"67","ORF8"
-0.705074866276887,-0.330637973282822,0.0437989197112429,"67.1","ORF8"
-0.71118865178099,-0.334038145381549,0.0431123610178921,"67.2","ORF8"
-0.71733870940717,-0.337457068901203,0.0424245716047642,"67.3","ORF8"
-0.723525110063036,-0.340894788856903,0.0417355323492297,"67.4","ORF8"
-0.729747924695129,-0.344351350263763,0.0410452241676031,"67.5","ORF8"
-0.736007224291932,-0.347826798136901,0.0403536280181301,"67.6","ORF8"
-0.742303079886727,-0.351321177491431,0.0396607249038646,"67.7","ORF8"
-0.74863556256033,-0.354834533342471,0.0389664958753894,"67.8","ORF8"
-0.755004743443713,-0.358366910705136,0.0382709220334405,"67.9","ORF8"
-0.761410693720474,-0.361918354594543,0.0375739845313867,"68","ORF8"
-0.767853484629221,-0.365488910025807,0.0368756645776066,"68.1","ORF8"
-0.774333187465822,-0.369078622014045,0.0361759434377318,"68.2","ORF8"
-0.780849873585548,-0.372687535574373,0.0354748024368025,"68.3","ORF8"
-0.787403614405113,-0.376315695721906,0.0347722229613,"68.4","ORF8"
-0.793994481404593,-0.379963147471762,0.0340681864610684,"68.5","ORF8"
-0.80062254612926,-0.383629935839054,0.0333626744511513,"68.6","ORF8"
-0.807287880191334,-0.387316105838904,0.0326556685135264,"68.7","ORF8"
-0.813990555271573,-0.39102170248642,0.0319471502987325,"68.8","ORF8"
-0.820730643120864,-0.394746770796726,0.0312371015274115,"68.9","ORF8"
-0.82750821556164,-0.398491355784933,0.0305255039917731,"69","ORF8"
-0.83432334448927,-0.402255502466161,0.0298123395569487,"69.1","ORF8"
-0.841176101873335,-0.40603925585552,0.0290975901622936,"69.2","ORF8"
-0.84806655975883,-0.409842660968131,0.0283812378225674,"69.3","ORF8"
-0.854994790267296,-0.41366576281911,0.0276632646290758,"69.4","ORF8"
-0.861960865597863,-0.417508606423573,0.0269436527507164,"69.5","ORF8"
-0.868964858028227,-0.421371236796633,0.0262223844349621,"69.6","ORF8"
-0.87600683991557,-0.42525369895341,0.0254994420087508,"69.7","ORF8"
-0.883086883697379,-0.429156037909016,0.0247748078793469,"69.8","ORF8"
-0.89020506189224,-0.433078298678572,0.024048464535095,"69.9","ORF8"
-0.897361447100534,-0.437020526277191,0.0233203945461527,"70","ORF8"
-0.904556112005094,-0.440982765719989,0.022590580565116,"70.1","ORF8"
-0.911789129371801,-0.444965062022083,0.0218590053276346,"70.2","ORF8"
-0.919060572050108,-0.44896746019859,0.0211256516529288,"70.3","ORF8"
-0.926370512973531,-0.452990005264624,0.0203905024442837,"70.4","ORF8"
-0.933719025160074,-0.457032742235303,0.0196535406894669,"70.5","ORF8"
-0.941106181712601,-0.461095716125741,0.018914749461119,"70.6","ORF8"
-0.948532055819181,-0.465178971951057,0.0181741119170666,"70.7","ORF8"
-0.955996720753355,-0.469282554726364,0.0174316113006259,"70.8","ORF8"
-0.963500249874391,-0.473406509466781,0.0166872309408289,"70.9","ORF8"
-0.971042716627459,-0.477550881187423,0.0159409542526138,"71","ORF8"
-0.97862419454381,-0.481715714903405,0.0151927647370004,"71.1","ORF8"
-0.986244757240873,-0.485901055629844,0.0144426459811849,"71.2","ORF8"
-0.993904478422334,-0.490106948381856,0.0136905816586207,"71.3","ORF8"
-1.00160343187819,-0.494333438174558,0.0129365555290706,"71.4","ORF8"
-1.00934169148473,-0.498580570023064,0.0121805514385991,"71.5","ORF8"
-1.01711933120453,-0.502848388942491,0.011422553319551,"71.6","ORF8"
-1.0249364250864,-0.507136939947957,0.0106625451904886,"71.7","ORF8"
-1.03279304726526,-0.511446268054576,0.00990051115610957,"71.8","ORF8"
-1.04068927196205,-0.515776418277465,0.00913643540711551,"71.9","ORF8"
-1.04862517348355,-0.52012743563174,0.00837030222006629,"72","ORF8"
-1.05660082622225,-0.524499365132516,0.00760209595721928,"72.1","ORF8"
-1.06461630465614,-0.528892251794911,0.00683180106631431,"72.2","ORF8"
-1.07267168334843,-0.533306140634039,0.00605940208035027,"72.3","ORF8"
-1.08076703694739,-0.537741076665019,0.00528488361734991,"72.4","ORF8"
-1.088902440186,-0.542197104902965,0.00450823038007331,"72.5","ORF8"
-1.09707796788173,-0.546674270362992,0.00372942715574165,"72.6","ORF8"
-1.10529369493616,-0.551172618060219,0.00294845881571837,"72.7","ORF8"
-1.1135496963347,-0.555692193009759,0.00216531031518163,"72.8","ORF8"
-1.12184604714624,-0.560233040226732,0.00137996669277474,"72.9","ORF8"
-1.13018282252275,-0.564795204726252,0.000592413070242603,"73","ORF8"
-1.13856009769892,-0.569378731523434,-0.000197365347946565,"73.1","ORF8"
-1.14697794799178,-0.573983665633395,-0.000989383275005529,"73.2","ORF8"
-1.15543644880026,-0.578610052071251,-0.00178365534223723,"73.3","ORF8"
-1.16393567560478,-0.58325793585212,-0.00258019609945703,"73.4","ORF8"
-1.1724757039668,-0.587927361991114,-0.00337902001542534,"73.5","ORF8"
-1.18105660952839,-0.592618375503352,-0.00418014147831636,"73.6","ORF8"
-1.18967846801174,-0.597331021403951,-0.00498357479616518,"73.7","ORF8"
-1.19834135521871,-0.602065344708025,-0.00578933419734085,"73.8","ORF8"
-1.20704534703034,-0.606821390430692,-0.00659743383103928,"73.9","ORF8"
-1.21579051940636,-0.611599203587066,-0.00740788776776669,"74","ORF8"
-1.22457694838468,-0.616398829192265,-0.00822070999984559,"74.1","ORF8"
-1.23340471008088,-0.621220312261404,-0.00903591444192542,"74.2","ORF8"
-1.2422738806877,-0.626063697809598,-0.009853514931495,"74.3","ORF8"
-1.25118453647452,-0.630929030851966,-0.0106735252294162,"74.4","ORF8"
-1.26013675378679,-0.635816356403619,-0.0114959590204452,"74.5","ORF8"
-1.26913060904558,-0.640725719479681,-0.0123208299137826,"74.6","ORF8"
-1.27816617874692,-0.645657165095263,-0.0131481514436046,"74.7","ORF8"
-1.28724353946134,-0.650610738265481,-0.0139779370696178,"74.8","ORF8"
-1.2963627678333,-0.655586484005454,-0.014810200177611,"74.9","ORF8"
-1.30552394058057,-0.660584447330294,-0.0156449540800134,"75","ORF8"
-1.31472713449378,-0.66560467325512,-0.0164822120164593,"75.1","ORF8"
-1.32397242643575,-0.670647206795046,-0.017321987154343,"75.2","ORF8"
-1.33325989334098,-0.67571209296519,-0.0181642925894026,"75.3","ORF8"
-1.34258961221507,-0.68079937678067,-0.0190091413462752,"75.4","ORF8"
-1.35196166013412,-0.685909103256597,-0.0198565463790762,"75.5","ORF8"
-1.3613761142442,-0.691041317408091,-0.0207065205719776,"75.6","ORF8"
-1.37083305176075,-0.696196064250265,-0.0215590767397809,"75.7","ORF8"
-1.38033254996798,-0.701373388798237,-0.0224142276284942,"75.8","ORF8"
-1.38987468621833,-0.706573336067126,-0.0232719859159172,"75.9","ORF8"
